日,ひ、か、にち、じつ
人,ひと、じん、にん
大,おお、おおきい、だい、たい
一,ひと、いち
中,なか、ちゅう
出,で、だ、でる、だす、しゅつ、すい
本,もと、ほん
時,とき、じ
行,い、いく、ゆ、ゆく、おこな、おこなう、こう、ぎょう、あん
年,とし、ねん
上,うえ、うわ、かみ、あ、あげる、あがる、のぼ、のぼる、じょう、しょう
事,こと、じ、ず
月,つき、げつ、がつ
子,こ、し、す
生,い、いきる、う、うまれる、うむ、お、は、はえる、はやす、なま、き、せい、しょう
間,あいだ、ま、かん、けん
前,まえ、ぜん
手,て、た、しゅ、ず
会,あ、あう、かい、え
合,あ、あう、あい、あわす、あわせる、ごう、か、が
見,み、みる、みえる、みせる、けん
学,まな、まなぶ、がく
後,のち、うし、うしろ、あと、おく、おくれ、ご、こう
自,みずか、おの、みずから、おのずから、じ、し
地,、ち、じ
田,た、でん
方,かた、ほう
目,め、ま、もく
山,やま、さん
場,ば、じょう
高,たか、たかい、たかさ、たかまる、たかぶる、たかめる、こう
国,くに、こく
同,おな、おなじ、おなじく、どう
部,、ぶ
新,あら、あたら、あたらしい、あらた、にい、しん
長,なが、ながい、ちょう
明,あ、あける、あか、あかるい、あからむ、あき、あきらか、めい、みょう
入,い、はい、いり、いる、はいる、いれる、いれ、にゅう
者,もの、しゃ
下,した、しも、さ、さがる、さげる、くだ、くだる、ください、お、おろす、おりる、か、げ
代,かわる、かわり、かえる、よ、しろ、か、だい、たい
東,ひがし、とう
度,たび、ど、と、たく
気,、き、け
女,おんな、め、じょ、にょ、にょう
通,とお、かよ、とおる、とおり、とおす、とおし、かよう、つう、つ
発,た、たつ、はつ、ほつ
名,な、めい、みょう
小,ちい、ちいさい、こ、お、しょう
全,まった、まったく、すべ、すべて、ぜん
川,かわ、せん
立,た、たて、たつ、たち、たてる、りつ、りゅう
家,いえ、や、か、け
作,つく、つくる、つくり、さく、さ
道,みち、どう、とう
体,からだ、たい、てい
動,うご、うごく、うごかす、うごき、どう
野,の、や
最,もっと、もっとも、さい
来,く、くる、きた、きたる、らい
当,あ、あたり、あたる、あてる、とう
内,うち、ない
所,ところ、しょ
物,もの、ぶつ、もつ
言,い、いう、こと、げん、ごん
話,はな、はなす、はなし、わ
京,、きょう、けい、きん
定,さだ、さだか、さだめる、さだまる、てい、じょう
対,、たい、つい
理,、り
金,かね、かな、きん、こん
三,み、みっか、みっつ、さん
成,な、なる、なす、せい、じょう
知,し、しる、しらす、しらせる、ち
外,そと、ほか、はず、はずす、はずれる、がい、げ
実,み、みの、みのる、みのり、じつ
第,、だい
水,みず、すい
力,ちから、りょく、りき
車,くるま、しゃ
市,いち、し
神,かみ、かん、こう、しん、じん
意,、い
社,やしろ、しゃ
用,もち、もちいる、よう
世,よ、せい、せ
初,はじ、はつ、うい、そ、はじめて、はじめ、はつ、そめる、しょ
関,せき、かか、かかわる、かん
戦,いくさ、たたか、たたかう、たたかわす、せん
現,あらわ、あらわれる、あらわす、げん
島,しま、とう
開,ひら、ひらく、あ、あく、あける、かい
今,いま、こん、きん
以,も、もって、い
原,はら、げん
表,おもて、あらわ、あらわす、あらわれる、ひょう
点,、てん
業,わざ、ぎょう、ごう
取,と、とる、とり、しゅ
連,つら、つ、つらなる、つらねる、つれる、つれ、れん
性,、せい、しょう
海,うみ、かい
多,おお、おおい、おおく、た
校,、こう
近,ちか、ちかい、ちかく、きん
心,こころ、しん
文,ふみ、ぶん、もん
書,か、かく、しょ
平,たい、ひらたい、たいら、ひら、へい、びょう
不,、ふ、ぶ
持,も、もつ、もち、じ
主,ぬし、おも、おもに、あるじ、しゅ、す
思,おも、おもう、おもい、し
都,みやこ、と、つ
空,そら、あ、から、むな、あく、あき、あける、から、むなしい、むなしさ、くう
二,ふた、ふたつ、ふたり、に
画,、が、かく
男,おとこ、だん、なん
木,き、こ、ぼく、もく
相,あい、そう、しょう
町,まち、ちょう
化,ば、ばける、ばかす、か、け
屋,や、おく
先,さき、せん
和,やわ、やわらぐ、やわらげる、なご、なごむ、なごやか、わ、お
記,しる、しるす、き
面,おも、おもて、つら、めん
勝,か、かつ、かち、まさ、まさる、しょう
口,くち、こう、く
北,きた、ほく
西,にし、せい、さい
次,つ、つぐ、つぎ、じ、し
安,やす、やすい、やすまる、やすらか、あん
正,ただ、ただしい、ただす、まさ、まさに、せい、しょう
公,おおやけ、こう
位,くらい、い
教,おし、おそ、おしえる、おそわる、きょう
天,あめ、あま、てん
機,はた、き
風,かぜ、かざ、ふう、ふ
付,つ、つける、つく、つき、づける、づく、ふ
法,、ほう、はつ、ほつ
美,うつく、うつくしい、び
数,かず、かぞ、かぞえる、すう、す
死,し、しぬ、しに、し
元,もと、げん、がん
電,、でん
回,まわ、まわる、まわす、かい、え
結,むす、ゆ、むすぶ、ゆう、ゆわえる、けつ
変,か、かわる、かわり、かえる、へん
活,、かつ
決,き、きめる、きまる、けつ
番,、ばん
楽,たの、たのしむ、たのしい、たのしみ、がく、らく
真,ま、しん
集,あつ、つど、あつまる、あつまり、あつめる、つどう、つどい、しゅう
考,かんが、かんがえる、かんがえ、こう
強,つよ、つよい、つよめる、つよまる、し、しいる、きょう、ごう
語,かた、かたる、ご
終,お、おわり、おわらせる、おわる、おえる、しゅう
村,むら、そん
朝,あさ、ちょう
使,つか、つかう、つかい、し
信,、しん
少,すく、すこ、すくない、すこし、しょう
向,む、むく、むき、むける、むかう、むこう、こう
重,え、おも、かさ、おもい、おもさ、おもり、おもたい、おもし、かさねる、かさなる、じゅう、ちょう
情,なさ、なさけ、じょう、せい
民,たみ、みん
加,くわ、くわえる、くわわる、か
引,ひ、ひく、いん
線,、せん
千,ち、せん
台,、だい、たい
要,い、かなめ、いる、よう
調,しら、ととの、しらべる、ととのえる、ととのう、ちょう
感,、かん
士,、し
経,へ、た、へる、たつ、けい、きょう
古,ふる、ふるい、こ
品,しな、ひん
運,はこ、はこぶ、うん
白,しろ、しら、しろい、はく、びゃく
別,わか、わかれ、わかれる、べつ
在,あ、ある、ざい
界,、かい
店,みせ、てん
愛,いと、いとしい、いとおしむ、あい
期,、き、ご
様,さま、よう
流,なが、ながれる、ながれ、ながす、りゅう、る
利,き、きく、きき、り
解,と、とく、とかす、とける、かい、げ
受,う、うける、うかる、じゅ
始,はじ、はじまる、はじめる、し
問,と、とう、とい、とん、もん
報,むく、むくい、むくいる、むくう、ほう
過,す、すぎる、すごす、あやま、あやまつ、あやまち、か
宮,みや、きゅう、ぐう、く
有,あ、ある、ゆう、う
切,き、きる、きり、きれる、せつ、さい
直,ただ、ただす、なお、なおる、なおす、ちょく、じき、じか
題,、だい
食,く、くう、た、たべる、しょく、じき
特,、とく
松,まつ、しょう
葉,は、よう
聞,き、きく、きこえる、ぶん、もん
太,ふと、ふとる、ふとい、ふとった、ふとさ、たい、た
治,おさ、なお、おさめる、おさまる、なおる、なおす、じ、ち
半,なか、なかば、はん
続,つづ、つづく、つづける、つづき、ぞく
指,ゆび、さ、さす、し
南,みなみ、なん
石,いし、せき、しゃく、こく
売,う、うる、ばい
制,、せい
着,き、つ、きる、きせる、つく、ちゃく、じゃく
起,お、おきる、おこす、き
員,、いん
議,、ぎ
送,おく、おくる、そう
達,たち、たつ
落,お、おちる、おとす、らく
土,つち、ど、と
進,すす、すすむ、すすめる、しん
組,く、くむ、くみ、そ
置,お、おく、ち
式,、しき
万,、まん、ばん
込,こ、こむ、こめる、
打,うつ、うち、だ
広,ひろ、ひろまる、ひろめる、ひろがる、ひろげる、ひろい、ひろさ、こう
氏,うじ、し
戸,と、こ
円,まる、まるい、えん
交,まじ、ま、か、まじわる、まじえる、まじる、まざる、まぜる、かう、かわす、こう
選,えら、えらぶ、せん
帰,かえ、かえる、き
能,、のう
福,、ふく
得,える、うる、え、う、とく
馬,うま、ま、ば
優,やさし、やさしさ、すぐれる、やさ、すぐ、ゆう
共,とも、きょう
声,こえ、こわ、せい、しょう
放,はな、はなす、はなつ、はなれる、ほう
良,よ、い、よい、いい、りょう
区,、く
乗,の、のる、のり、のせる、じょう
火,ひ、か
保,たもつ、たも、ほ
政,まつりごと、せい、しょう
際,きわ、さい
谷,たに、こく
止,と、や、とめる、とまる、やむ、やめる、し
足,あし、た、たる、たりる、たす、そく
光,ひか、ひかる、ひかり、こう
参,まいる、まい、さん
院,、いん
音,おと、ね、おん、のん、いん
青,あお、あおい、せい、しょう
頭,あたま、かしら、とう、ず、と
産,う、うむ、うまれる、うぶ、さん
確,たしか、たしかめる、たし、かく
張,はる、はり、は、ちょう
説,と、とく、せつ、ぜい
館,たて、かん
転,ころ、ころがる、ころげる、ころがす、ころぶ、てん
好,この、このむ、このみ、す、すき、すく、よ、よい、い、いい、こう
王,、おう
味,あじ、あじわう、あじわい、み
親,おや、した、したしい、しん
私,わたし、わたくし、し
号,、ごう
色,いろ、しょく、しき
府,、ふ
何,なに、なん、か
工,、こう、く
計,はか、はかる、はかり、はからう、けい
予,、よ
横,よこ、おう
歌,うた、うたう、か
約,、やく
果,はたす、はてる、はて、は、か
夫,おっと、ふ、ふう
件,、けん
呼,よ、よぶ、こ
夜,よ、よる、や
論,、ろん
常,つね、とこ、じょう
県,、けん
形,かた、かたち、けい、ぎょう
路,じ、ろ
観,、かん
注,そそ、そそぐ、ちゅう
城,しろ、じょう
反,そ、そる、そらす、はん、ほん、たん
支,ささ、ささえる、し
団,、だん、とん
早,はや、はやい、はやまる、はやめる、はやく、そう
限,かぎる、かぎり、かぎ、げん
武,、ぶ、む
格,、かく、こう
違,ちが、ちがう、ちがえる、い
久,ひさ、ひさしい、ひさしぶり、きゅう、く
急,いそ、いそぐ、いそぎ、きゅう
五,いつ、いつつ、ご
橋,はし、きょう
配,くば、くばる、はい
仕,つか、つかえる、し、じ
象,、しょう、ぞう
認,みと、みとめる、にん
伝,つた、つたわる、つたえる、つたう、つたい、でん
八,や、よう、やっつ、はち
念,、ねん
影,かげ、えい
降,お、ふ、おりる、おろす、ふる、ふり、こう
花,はな、か
役,、やく、えき
投,な、なげる、とう
容,、よう
種,たね、しゅ
料,、りょう
門,かど、もん
必,かなら、かならず、ひつ
由,よし、ゆ、ゆう、ゆい
四,よ、よん、し
十,とお、と、じゅう
米,こめ、べい、まい
応,、おう、のう
想,、そう、そ
像,、ぞう
他,、た
両,、りょう
軍,、ぐん
命,いのち、めい、みょう
演,、えん
悪,わる、あ、わるい、わるさ、あし、あしき、あく、お
告,つ、つぐ、つげる、こく
住,す、すむ、すまい、じゅう
病,や、やむ、やみ、やまい、びょう、へい
判,、はん、ばん
兵,、へい、ひょう
然,、ぜん、ねん
科,、か
飛,と、とぶ、とばす、ひ
園,その、えん
係,かか、かかる、かかり、かかわる、かかわり、けい
局,、きょく
消,き、け、きえる、けす、しょう
残,のこる、のこす、のこり、のこ、ざん
殺,ころ、ころす、ころし、さつ、さい、せつ
務,つと、つとめる、つとまる、む
去,さ、さる、きょ、こ
改,あらた、あらためる、あらたまる、かい
育,そだ、そだつ、そだてる、いく
歳,、さい、せい
字,あざ、じ
笑,わら、え、わらう、わらい、えむ、えみ、しょう
州,す、しゅう
黒,くろい、くろ、こく
総,、そう
沢,さわ、たく
首,くび、しゅ
再,ふたた、ふたたび、さい、さ
義,、ぎ
準,、じゅん
構,かま、かまえる、かまう、こう
待,まつ、またせる、たい
映,うつ、は、うつる、うつす、はえる、えい
術,、じゅつ
権,、けん、ごん
室,むろ、しつ
状,、じょう
客,、きゃく、かく
追,おう、お、つい
試,こころ、ため、こころみる、こころみ、ためす、ためし、し
歩,ある、あゆ、あるく、あゆむ、あゆみ、ほ、ぶ、ふ
速,はや、すみ、はやい、はやめる、すみやか、そく
座,すわ、すわる、ざ
走,はし、はしる、はしり、そう
存,、そん、ぞん
勢,いきお、いきおい、せい
難,かた、むずか、かたい、かたさ、むずかしい、なん
御,おん、ぎょ、ご
深,ふか、ふかい、ふかまる、ふかめる、しん
母,はは、ぼ
庫,、こ、く
失,うしな、うしなう、しつ
返,かえ、かえす、かえる、かえり、へん
供,そな、とも、そなえ、そなえる、きょう、く
赤,あか、あかい、あからむ、あからめる、せき、しゃく
球,たま、きゅう
友,とも、ゆう
根,ね、こん
族,、ぞく
駅,、えき
居,い、いる、お、おる、きょ
船,ふね、ふな、せん
示,しめ、しめす、し、じ
登,のぼ、のぼる、とう、と
断,た、ことわ、たつ、ことわる、ことわり、だん
彼,かれ、かの、ひ
寺,てら、じ
任,まか、まかせる、まかす、にん
態,、たい
越,こ、こす、こえる、えつ
曲,ま、まがる、まげる、きょく
側,かわ、そく
備,そな、そなえる、そなわる、び
助,たす、たすける、たすかる、すけ、じょ
顔,かお、がん
鉄,、てつ
守,まも、もり、まもる、まもり、しゅ、す
等,ひと、ひとしい、とう
波,なみ、は
技,わざ、ぎ
職,、しょく
頼,たの、たのむ、たのもしい、たよ、たよる、らい
衛,、えい
雨,あめ、あま、う
究,きわ、きわめる、きゅう
英,、えい
写,うつ、うつす、うつる、しゃ
九,ここの、ここのつ、きゅう、く
春,はる、しゅん
更,さら、ふ、さらに、ふける、ふかす、こう
極,きわ、きわめる、きわまる、きわまり、きわみ、きょく、ごく
秋,あき、しゅう
史,、し
非,、ひ
質,、しつ、しち、ち
故,ゆえ、こ
段,、だん
素,、そ、す
離,はなれる、はなす、はな、り
処,、しょ
師,、し
父,ちち、ふ
負,ま、まける、まかす、まけ、お、おう、ふ
右,みぎ、う、ゆう
買,か、かう、ばい
警,、けい
若,わかい、わか、も、もし、じゃく、にゃく
退,しりぞ、しりぞく、しりぞける、たい
設,もう、もうける、せつ
玉,たま、ぎょく
比,くらべる、くら、ひ
案,、あん
増,ま、ふ、ます、まし、ふえる、ふやす、ぞう
森,もり、しん
官,、かん
渡,わた、わたる、わたす、と
周,まわ、まわり、しゅう
読,よ、よむ、どく、とく、とう
富,と、とむ、とみ、ふ、ふう
左,ひだり、さ
末,すえ、まつ、ばつ
価,あたい、か
研,と、とぐ、けん
差,さ、さす、さし、さ
宿,やど、やどる、やどす、しゅく
辺,あた、あたり、べ、へん
復,、ふく
満,み、みちる、みつ、みたす、まん
派,、は
例,たと、たとえる、れい
夏,なつ、か、げ
程,ほど、てい
個,、こ、か
幸,さいわ、さいわい、さち、しあわ、しあわせ、こう
造,つく、つくる、つくり、ぞう
遠,とお、とおい、とおく、えん、おん
階,、かい
基,もと、もとい、き
働,はたら、はたらく、はたらき、どう
条,、じょう
突,つ、つく、とつ
岩,いわ、がん
望,のぞ、のぞむ、のぞみ、ぼう、もう
求,もと、もとめる、きゅう
単,、たん
移,うつ、うつす、うつる、い
験,、けん
覚,おぼ、さ、おぼえる、さます、さめる、かく
河,かわ、か
習,なら、ならう、ならい、しゅう
細,ほそい、ほそる、こまかい、ほそ、こま、さい
談,、だん
巻,ま、まく、まき、かん
絶,た、たえる、たやす、たつ、ぜつ
旅,たび、りょ
図,はか、はかる、ず、と
査,、さ
修,おさ、おさめる、おさまる、しゅう、しゅ
星,ほし、せい、しょう
害,、がい
商,あきな、あきなう、あきない、しょう
視,、し
済,す、すむ、すみ、すます、すませる、さい
未,いま、ま、いまだ、まだ、み
銀,、ぎん
検,、けん
録,、ろく
統,す、すべる、すべて、とう
毎,ごと、まい
低,ひく、ひくい、ひくまる、ひくめる、てい
除,のぞ、のぞく、じょ、じ
器,うつわ、き
介,、かい
静,しず、しずか、しずまる、しずめる、せい、じょう
君,きみ、くん
量,はかる、はかり、はか、りょう
型,かた、けい
隊,、たい
鳥,とり、ちょう
志,こころざ、こころざす、こころざし、し
察,、さつ
識,、しき
党,、とう
建,た、たつ、たてる、たて、けん、こん
級,、きゅう
寄,よ、よる、より、よせる、き
熱,あつ、あつい、ねつ
挙,あ、あげる、あがる、きょ
洋,、よう
香,か、かお、かおり、かおる、こう、きょう
類,、るい
鹿,しか、ろく
割,わ、わる、わり、われる、さ、さく、かつ
震,ふる、ふるえる、ふるえ、しん
帯,お、おびる、おび、たい
休,やす、やすむ、やすみ、やすめる、きゅう
児,、じ、に
営,いとな、いとなむ、いとなみ、えい
遊,あそ、あそび、あそぶ、ゆう、ゆ
博,、はく、ばく
独,ひと、ひとり、どく
資,、し
版,、はん
清,きよ、きよい、きよまる、きよめる、せい、しょう
提,さげる、さ、てい
値,ね、あたい、ち
興,おこ、おこる、おこす、こう、きょう
酒,さけ、さか、しゅ
歴,、れき
舞,ま、まう、まい、ぶ
完,、かん
六,む、むい、むっつ、ろく
与,あた、あたえる、よ
将,、しょう
芸,、げい
織,お、おる、おり、しょく、しき
争,あらそう、あらそい、あらそ、そう
了,、りょう
紙,かみ、し
接,つ、つぐ、せつ
申,もう、もうす、もうし、しん
源,みなもと、げん
護,まも、まもる、ご
破,やぶ、やぶる、やぶれる、は
各,おのおの、かく
席,、せき
抜,ぬく、ぬき、ぬける、ぬかす、ぬかる、ぬ、ばつ
装,よそお、よそおう、そう、しょう
医,、い
週,、しゅう
異,こと、ことなる、い
姿,すがた、し
林,はやし、りん
製,、せい
願,ねが、ねがう、がん
丸,まる、まるい、まるめる、がん
許,ゆる、ゆるす、ゆるし、きょ
収,おさ、おさめる、おさまる、しゅう
証,、しょう
港,みなと、こう
率,ひきいる、ひき、そつ、りつ
蔵,くら、ぞう
羽,は、わ、はね、う
温,あたた、あたたか、あたたかい、あたたまる、あたためる、おん
省,かえり、かえりみる、はぶ、はぶく、せい、しょう
草,くさ、そう
百,、ひゃく
坂,さか、はん
宅,、たく
陸,、りく
血,ち、けつ
堂,、どう
服,、ふく
敗,やぶれる、やぶ、はい
系,、けい
労,、ろう
精,、せい、しょう
響,ひび、ひびく、ひびき、ひびかす、きょう
祭,まつる、まつり、さい
豊,ゆた、ゆたか、ほう
普,、ふ
規,、き
苦,くる、にが、くるしい、くるしむ、くるしめる、にがい、にがる、く
展,、てん
徳,、とく
夢,ゆめ、む
賀,、が
防,ふせ、ふせぐ、ぼう
昭,、しょう
七,なな、なの、ななつ、しち
永,なが、ながい、えい
散,ち、ちる、ちらす、ちらかす、ちらかる、ちらばる、ちらばす、さん
丁,、ちょう、てい
我,われ、わ、が
減,へ、へる、へらす、げん
景,、けい
晴,は、はれる、はれ、はらす、せい
並,なみ、な、ならべる、なら、ならぶ、ならびに、ならび、へい
軽,かる、かるい、かろ、かろやかな、けい
背,せ、せい、そむく、そむける、はい
賞,、しょう
評,、ひょう
余,あま、あまり、あまる、あます、よ
端,はし、は、はた、たん
緒,お、しょ、ちょ
弁,、べん
倉,くら、そう
盛,も、さか、もる、さかん、さかんな、せい、じょう
給,、きゅう
午,、ご
模,、も、ぼ
焼,や、やく、やき、やける、しょう
協,、きょう
司,、し
喜,よろこ、よろこぶ、よろこび、よろこばす、き
疑,うたが、うたがう、うたがい、ぎ
池,いけ、ち
飲,の、のむ、いん
貴,たっと、とうと、たっとい、とうとい、き
角,かど、つの、かく
街,まち、がい、かい
便,たより、たよ、びん、べん
列,、れつ
曜,、よう
健,すこ、すこやかな、けん
劇,、げき
泉,いずみ、せん
衆,、しゅう、しゅ
換,かえる、かわる、か、かん
領,、りょう
肉,、にく
仲,なか、ちゅう
掛,か、かける、かけ、かかる、かかり、
境,さかい、きょう、けい
陽,ひ、よう
央,、おう
戻,もど、もどす、もどる、れい
爆,、ばく
訳,わけ、やく
留,と、とど、とめる、とまる、とどまる、とどめる、りゅう、る
印,しるし、いん
途,、と
編,あ、あむ、あみ、へん
具,、ぐ
推,お、おす、すい
薬,くすり、やく
攻,せめる、せ、こう
宇,、う
板,いた、はん、ばん
杯,さかずき、はい
激,はげ、はげしい、げき
輪,わ、りん
超,こ、こえる、こす、ちょう
節,ふし、せつ、せち
練,ね、ねる、ねり、れん
授,さず、 さずける、さずかる、じゅ
岸,きし、がん
枚,、まい
寝,ね、ねる、ねかす、ねかせる、しん
群,む、むら、むれる、むれ、むらがる、ぐん
専,もっぱら、もっぱ、せん
探,さぐ、さが、さぐる、さがす、たん
痛,いた、いたい、いたむ、いたましい、いためる、いたみ、つう
布,ぬの、ふ
裏,うら、り
囲,かこ、かこむ、かこう、かこい、い
片,かた、へん
茶,、ちゃ、さ
息,いき、そく
婚,、こん
飯,めし、はん
老,お、おいる、ふ、ふける、ろう
敵,かたき、てき
答,こた、こたえ、こたえる、とう
逃,に、のが、にげる、にがす、のがす、のがれる、とう
照,て、てる、てらす、てれる、しょう
就,つ、つく、しゅう、じゅ
倒,たおれる、たおす、たお、とう
恐,おそれる、おそる、おそろしい、おそ、きょう
押,お、おす、おさえる、おう
亡,な、ない、なき、なくす、なくなる、ぼう、もう
僕,、ぼく
吹,ふ、ふく、すい
絵,、かい、え
雪,ゆき、せつ
紀,、き
競,きそう、せる、きそ、せ、きょう、けい
積,つ、つむ、つもる、つもり、せき
幕,、まく、ばく
罪,つみ、ざい
候,そうろう、こう
短,みじか、みじかい、たん
似,にる、に、じ
伸,の、のびる、のばす、しん
昨,、さく
雑,、ざつ、ぞう
導,みちび、みちびく、みちびき、どう
標,、ひょう
危,あぶ、あや、あぶない、あやうい、あやぶむ、あやうく、き
管,くだ、かん
費,つい、ついやす、ひ
兄,あに、けい、きょう
妻,つま、さい
捕,と、つか、とらえる、とらわれる、とる、つかまえる、つかまる、ほ
恋,こ、こう、こい、こいしい、こいする、れん
冷,つめ、ひ、さ、つめたい、ひえる、ひや、ひややか、ひやす、ひやかす、さめる、さます、れい
仮,かり、かりに、か、け
適,、てき
札,ふだ、さつ
毛,け、もう
講,、こう
策,、さく
竹,たけ、ちく
傷,きず、いた、いたむ、いためる、しょう
従,したが、したがう、したがえる、じゅう、しょう、じゅ
材,、ざい
刻,きざ、きざむ、きざみ、こく
述,の、のべる、じゅつ
皆,みな、かい
整,ととの、ととのえる、ととのう、せい
算,、さん
樹,、じゅ
略,、りゃく
遺,、い、ゆい
弟,おとうと、てい、だい、で
逆,さか、さかさ、さからう、ぎゃく
夕,ゆう、せき
停,、てい
娘,むすめ、
奥,おく、おう
域,、いき
属,、ぞく
依,、い、え
皇,、こう、おう
財,、ざい、さい
課,、か
企,くわだ、くわだてる、き
担,かつ、かつぐ、にな、になう、たん
迎,むか、むかえる、げい
浮,う、うく、うかれる、うかぶ、うかべる、ふ
因,よる、よ、いん
暴,あば、あばく、あばれる、ぼう、ばく
農,、のう
折,お、おる、おり、おれる、せつ
華,はな、はなやかな、か、け
延,のびる、のべる、のべ、のばす、の、えん
訪,おとずれる、たずねる、おとず、たず、ほう
密,、みつ
善,よ、よい、ぜん
快,こころよ、こころよい、こころよさ、かい
腹,はら、ふく
聖,、せい
染,そ、し、そめる、ぞめ、そまる、しみる、しみ、せん
郡,、ぐん
養,やしな、やしなう、よう
圧,、あつ
弾,ひ、ひく、ひき、はず、はずむ、たま、だん
跡,あと、せき
庭,にわ、てい
徒,、と
順,、じゅん
婦,、ふ
補,おぎな、おぎなう、ほ
描,えが、えがく、びょう
欲,ほ、ほっする、ほしい、よく
勤,つと、つとめる、つとまる、きん、ごん
純,、じゅん
筋,すじ、きん
雲,くも、うん
遅,おく、おそ、おくれる、おくらす、おそい、おそく、ち
季,、き
創,、そう
諸,、しょ
障,さわ、さわる、しょう
骨,ほね、こつ
般,、はん
含,ふく、ふくむ、ふくみ、ふくめる、がん
嫌,きら、きらう、きらい、いや、いやがる、けん
辞,や、やめる、じ
梅,うめ、ばい
底,そこ、てい
旧,、きゅう
替,か、かわる、かえる、たい
険,けわ、けわしい、けん
射,い、いる、さ、さす、しゃ
委,、い
乱,みだ、みだれる、みだす、みだれ、らん
典,、てん
脱,ぬ、ぬぐ、ぬげる、だつ
郷,、きょう、ごう
裁,た、さば、たつ、さばく、さい
黄,き、こ、こう、おう
隣,とな、となり、りん
額,ひたい、がく
仏,ほとけ、ぶつ
犯,おか、おかす、はん
怪,あや、あやしい、あやしむ、かい、け
油,あぶら、ゆ
避,さ、さける、ひ
忘,わす、わすれる、ぼう
弱,よわい、よわる、よわまる、よわめる、よわ、じゃく
効,き、きく、こう
困,こま、こまる、こん
宗,、しゅう、そう
魚,うお、さかな、ぎょ
払,はら、はらう、はらい、ふつ
植,う、うえる、うわる、しょく
荒,あら、あ、あらい、あらす、あれる、こう
髪,かみ、はつ
衣,ころも、い
舎,、しゃ
充,あ、あてる、じゅう
湯,ゆ、とう
希,、き
令,、れい
矢,や、し
暗,くら、くらい、くらさ、あん
礼,、れい、らい
章,、しょう
筆,ふで、ひつ
株,かぶ、
栄,さか、さかえる、は、はえる、えい
宝,たから、ほう
眠,ねむ、ねむい、ねむる、みん
康,、こう
悲,かな、かなしい、かなしむ、かなしさ、かなしみ、ひ
倍,、ばい
抱,だ、いだ、かか、だく、いだく、かかえる、ほう
腕,うで、わん
混,ま、まじる、まじり、まざる、まぜる、こん
犬,いぬ、けん
納,おさ、 おさめる、おさまる、のう、なつ、な、なん、とう
姉,あね、し
否,いな、ひ
殿,との、でん、てん
迷,まよ、まよう、まよい、めい
固,かた、かためる、かたまる、かたまり、かたい、こ
閉,と、とじる、とざす、し、しめる、しまる、へい
覧,、らん
著,あらわす、いちじるしい、あらわ、いちじる、ちょ
浅,あさ、あさい、せん
束,たば、たばねる、そく
拡,、かく
災,わざわ、わざわい、さい
眼,まなこ、がん、げん
卒,、そつ
厳,おごそか、きびしい、おごそ、きび、げん、ごん
革,かわ、かく
救,すく、すくう、きゅう
禁,、きん
鳴,な、なく、なる、ならす、めい
頂,いただ、いただく、いただき、ちょう
承,うけたまわ、うけたまわる、しょう
幹,みき、かん
厚,あつ、あつい、こう
暮,く、くれる、くらす、ぼ
泣,な、なく、きゅう
税,、ぜい
壊,こわ、こわす、こわれる、かい
至,いた、いたる、し
誌,、し
触,ふ、さわ、ふれる、さわる、しょく
秘,ひ、ひめる、ひ
到,いた、いたる、とう
功,、こう、く
互,たが、たがい、ご
巨,、きょ
謝,あやまる、あやま、しゃ
航,、こう
砂,すな、さ、しゃ
荷,に、か
冬,ふゆ、とう
寒,さむ、さむい、かん
銭,ぜに、せん
己,おのれ、こ、き
昼,ひる、ちゅう
窓,まど、そう
欠,か、かける、かく、かかす、けつ
築,きず、きずく、ちく
刺,さ、さす、ささる、さし、し
操,みさお、あやつ、あやつる、そう
牛,うし、ぎゅう
益,、えき、やく
妹,いもうと、まい
絡,から、からむ、からまる、からめる、らく
抗,、こう
閣,、かく
庁,、ちょう
針,はり、しん
怒,いか、おこ、いかる、おこる、ど
怖,こわ、こわい、こわがる、ふ
床,とこ、ゆか、しょう
即,すなわ、すなわち、そく
批,、ひ
燃,も、もえる、もやす、もす、ねん
勇,いさ、いさむ、いさましい、ゆう
吸,す、すう、きゅう
責,せ、せめる、せき
桜,さくら、おう
箱,はこ、
詳,くわ、くわしい、しょう
昇,のぼ、のぼる、しょう
胸,むね、むな、きょう
免,まぬか、まぬかれる、めん
採,と、とる、さい
袋,ふくろ、たい
易,やさ、やさしい、やすい、えき、い
測,はか、はかる、そく
則,、そく
績,、せき
複,、ふく
届,とど、とどく、とどける、
輩,、はい
歯,は、し
濃,こ、こい、こさ、のう
討,う、うつ、とう
泊,とまる、とめる、はく
菜,な、さい
層,、そう
臣,、しん、じん
虫,むし、ちゅう
詰,つ、つめる、つまる、つむ、きつ
況,、きょう
概,、がい
枝,えだ、し
煙,けむ、けむる、けむい、けむり、えん
洗,あらう、あら、せん
塩,しお、えん
療,、りょう
紹,、しょう
憲,、けん
詩,、し
耳,みみ、じ
臨,のぞ、のぞむ、りん
簡,、かん
脳,、のう
宣,、せん
敬,うやまう、うやまい、うやま、けい
芝,しば、
誤,あやま、あやまる、あやまり、ご
詞,、し
湖,みずうみ、こ
灯,ひ、とう
童,わらべ、どう
貨,、か
秒,、びょう
占,し、うらな、しめる、うらなう、せん
稲,いね、いな、とう
幅,はば、ふく
薄,うす、うすい、うすめる、うすまる、うすらぐ、うすれる、はす
署,、しょ
盗,ぬす、ぬすむ、ぬすみ、とう
晩,、ばん
借,か、かりる、しゃく
幼,おさない、よう
昔,むかし、せき、しゃく
齢,、れい
涙,なみだ、るい
紅,べに、くれない、こう、く
毒,、どく
祖,、そ
緑,みどり、りょく、ろく
乳,ちち、ち、にゅう
奏,かな、かなでる、そう
潮,しお、ちょう
仁,、じん、にん
宙,、ちゅう
埋,う、うめる、うまる、うもれる、まい
尊,たっとい、たっとぶ、とうとい、とうとぶ、たっと、とうと、そん
鏡,かがみ、きょう
猫,ねこ、びょう
刊,、かん
損,そこ、そこねる、そこなう、そん
哲,、てつ
誕,、たん
包,つつ、つつむ、つつみ、ほう
俳,、はい
緊,、きん
範,、はん
豆,まめ、とう、ず
刀,かたな、とう
疲,つか、つかれる、つかれ、ひ
律,、りつ、りち
翌,、よく
均,、きん
才,、さい
籍,、せき
販,、はん
牧,まき、ぼく
忠,、ちゅう
甘,あま、あまい、あまさ、あまえる、あまえ、あまやかす、かん
勉,、べん
腰,こし、よう
驚,おどろ、おどろく、おどろかす、きょう
肩,かた、けん
捜,さが、さがす、そう
往,、おう
咲,さ、さく、
沈,しず、しずむ、しずめる、ちん
句,、く
祝,いわ、いわう、いわい、しゅく、しゅう
捨,す、すてる、しゃ
騒,さわ、さわぐ、さわぎ、さわがす、さわがしい、そう
鼻,はな、び
漢,、かん
皮,かわ、ひ
伏,ふ、ふせる、ふす、ふく
浴,あ、あびる、あびせる、よく
誠,まこと、せい
盟,、めい
傾,かたむ、かし、かたむける、かたむく、かしげる、けい
勧,すす、すすめる、かん
看,、かん
曇,くも、くもる、くもり、どん
穴,あな、けつ
縮,ちぢ、ちぢむ、ちぢまる、ちぢめる、ちぢれる、ちぢらす、しゅく
欧,、おう
封,、ふう、ほう
邪,、じゃ
票,、ひょう
干,ほ、ひ、ほす、ほし、ひる、かん
辛,から、からい、からさ、しん
招,まね、まねく、まねき、しょう
卓,、たく
輸,、ゆ
踊,おど、おどる、おどり、よう
柔,やわ、やわらかい、やわな、じゅう、にゅう
珍,めずら、めずらしい、ちん
訓,、くん
沿,そ、そう、えん
億,、おく
乾,かわ、かわく、かわき、かわかす、かん
糸,いと、し
副,、ふく
狂,くる、くるう、くるおしい、くるわす、くるわせる、きょう
氷,こおり、ひ、ひょう
棒,、ぼう
双,ふた、そう
汚,けが、よご、きたな、けがす、けがれる、けがらわしい、よごす、よごれる、きたない、お
悩,なや、なやむ、なやみ、なやます、のう
旗,はた、き
賛,、さん
趣,おもむき、しゅ
湾,、わん
軒,のき、けん
努,つと、つとめる、つとめて、ど
孫,まご、そん
唱,とな、となえる、しょう
拝,おが、おがむ、はい
慣,なれる、ならす、な、かん
揮,、き
郵,、ゆう
暇,ひま、か
抑,おさえる、おさ、よく
貸,か、かす、かし、たい
募,つのる、ぼ
狭,せま、せまい、せば、せばめる、せばまる、きょう
墓,はか、ぼ
刷,す、する、さつ
貧,まず、まずしい、まずしさ、ひん、びん
漁,、ぎょ、りょう
較,、かく
悟,さと、さとる、さとり、ご
液,、えき
叫,さけ、さけぶ、きょう
幾,いく、いくつ、いくら、き
炭,すみ、たん
祈,いの、いのる、いのり、き
酸,す、すい、さん
縦,たて、じゅう
患,わずら、わずらう、かん
券,、けん
渉,、しょう
柱,はしら、ちゅう
帳,、ちょう
偶,、ぐう
恥,は、はじ、はじらう、はじらい、はじる、はずかしい、ち
泳,およ、およぐ、およぎ、えい
塗,ぬ、ぬる、ぬり、と
械,、かい
菓,、か
飼,か、かう、し
賢,かしこ、かしこい、けん
塔,、とう
序,、じょ
涼,すず、すずしい、すずむ、りょう
磨,みが、みがく、ま
臓,、ぞう
焦,こ、こげる、こがす、こがれる、あせ、あせる、あせり、しょう
掃,は、はく、そう
征,、せい
巣,す、そう
暑,あつ、あつい、あつさ、しょ
靴,くつ、か
掘,ほ、ほる、くつ
控,ひか、ひかえる、ひかえ、こう
粉,こ、こな、ふん
礎,いしずえ、そ
匹,ひき、ひつ
賃,、ちん
恩,、おん
麦,むぎ、ばく
駐,、ちゅう
喫,、きつ
堅,かた、かたい、かたさ、けん
偉,えら、えらい、い
姓,、せい、しょう
抵,、てい
朗,ほが、ほがらかな、ろう
寸,、すん
卵,たまご、らん
雇,やと、やとう、こ
帽,、ぼう
暖,あたた、あたたかい、あたたまる、あたためる、だん
垂,た、たれる、たらす、たれ、すい
蒸,む、むす、むれる、むらす、じょう
径,、けい
誇,ほこ、ほこる、ほこり、こ
熟,う、うれる、じゅく
銅,、どう
汗,あせ、かん
筒,つつ、とう
舟,ふね、ふな、しゅう
贈,おく、おくる、ぞう、そう
泥,どろ、でい
冒,おか、おかす、ぼう
預,あず、あずける、あずかる、よ
湿,しめ、しめる、しめす、しつ
灰,はい、かい
召,め、めす、しょう
冊,、さつ、さく
隅,すみ、ぐう
奮,ふる、ふるう、ふん
肌,はだ、
肥,こ、こえ、こえる、こやす、こやし、ひ
符,、ふ
舌,した、ぜつ
拾,ひろ、ひろう、しゅう、じゅう
脈,、みゃく
貯,、ちょ
貝,かい、
忙,いそが、いそがしい、ぼう
弓,ゆみ、きゅう
乏,とぼ、とぼしい、とぼしさ、ぼう
硬,かた、かたい、こう
鋭,するど、するどい、えい
憎,にく、にくむ、にくい、にくらしい、にくしみ、ぞう
豚,ぶた、とん
汽,、き
畳,たた、たたむ、たたみ、じょう
糖,、とう
凍,こ、こおる、こご、こごえる、とう
尺,、しゃく
溶,と、とける、とかす、とく、よう
笛,ふえ、てき
畜,、ちく
飽,あ、あきる、あかす、ほう
耕,たがや、たがやす、こう
綿,わた、めん
粒,つぶ、りゅう
郊,、こう
芽,め、が
敢,、かん
偏,かたよ、かたよる、かたより、へん
兆,きざ、きざす、きざし、ちょう
羊,ひつじ、よう
鉱,、こう
脂,あぶら、し
瓶,、びん
皿,さら、
后,、こう
潔,いさぎよ、いさぎよい、けつ
枯,か、かれる、からす、こ
机,つくえ、き
奨,、しょう
胃,、い
挟,はさ、はさむ、はさまる、きょう
隻,、せき
軟,やわ、やわらかい、なん
磁,、じ
辱,はずかし、はずかしめ、はずかしめる、じょく
膚,、ふ
肺,、はい
絹,きぬ、けん
寮,、りょう
班,、はん
燥,、そう
腸,、ちょう
冗,、じょう
鋼,はがね、こう
貿,、ぼう
零,、れい
俵,たわら、ひょう
伺,うかがう、うかがい、うかが、し
鈍,にぶ、にぶい、にぶる、どん
缶,、かん
穀,、こく
沸,わ、わく、わかす、ふつ
濯,、たく
滴,しずく、したた、したたる、てき
肯,、こう
侮,あなど、あなどる、ぶ
陛,、へい
穫,、かく
蚕,かいこ、さん
